sc_gid,res_gids,gen_gids,gid_counts,n_gids,mean_cf,mean_lcoe,mean_res,capacity,area_sq_km,latitude,longitude,country,state,county,elevation,timezone,capacity_ac,sc_point_gid,sc_row_ind,sc_col_ind,res_class,capacity_mean
0,[1041371],[268],[644.0],644,0.1598816,,,187.7904,5.2164,32.745,-81.029,United States,South Carolina,Jasper,21.65,-5,144.4541676,64,2,16,0,30.02422962
1,[1041371],[268],[3.0],3,0.1598816,,,0.8748,0.0243,32.745,-80.972,United States,South Carolina,Jasper,21.65,-5,0.672923095,65,2,17,0,0.139864424
2,"[1038814, 1039281]","[199, 214]","[147.0, 55.0]",202,0.15729605,,,58.9032,1.6362,32.688,-81.144,United States,South Carolina,Jasper,27.49,-5,45.31016129,86,3,14,0,9.265240692
3,"[1040405, 1039281, 1040734]","[236, 214, 245]","[562.0, 447.0, 175.0]",1184,0.15762305,,,345.2544,9.5904,32.688,-81.087,United States,South Carolina,Jasper,25.193335,-5,265.580333,87,3,15,0,54.42005155
4,"[1041371, 1040405, 1041092, 1040734, 1041103]","[268, 236, 259, 245, 260]","[209.0, 422.0, 802.0, 174.0, 288.0]",1895,0.1590059,,,552.582,15.3495,32.688,-81.029,United States,South Carolina,Jasper,23.074,-5,425.063176,88,3,16,0,87.86379823
5,"[1041371, 1041092, 1042328, 1041103, 1042329]","[268, 259, 285, 260, 286]","[5.0, 21.0, 751.0, 6.0, 182.0]",965,0.15955438,,,281.394,7.8165,32.688,-80.972,United States,South Carolina,Jasper,19.801998,-5,216.4569586,89,3,17,0,44.89764521
6,[1038168],[182],[390.0],390,0.15658858,,,113.724,3.159,32.63,-81.201,United States,South Carolina,Jasper,19.72,-5,87.48001437,109,4,13,0,17.80787967
7,"[1038814, 1039281, 1038168, 1038798, 1039113]","[199, 214, 182, 198, 209]","[811.0, 130.0, 155.0, 582.0, 121.0]",1799,0.15716997,,,524.5884,14.5719,32.63,-81.144,United States,South Carolina,Jasper,25.49,-5,403.5296325,110,4,14,0,82.44954309
8,"[1039281, 1040734, 1039113, 1040737]","[214, 245, 209, 246]","[1120.0, 540.0, 1014.0, 512.0]",3186,0.15755677,,,929.0376,25.8066,32.63,-81.087,United States,South Carolina,Jasper,26.6325,-5,714.6444743,111,4,15,0,146.3761635
9,"[1040734, 1041103, 1040737, 1041122]","[245, 260, 246, 261]","[438.0, 765.0, 401.0, 810.0]",2414,0.1591067,,,703.9224,19.5534,32.63,-81.029,United States,South Carolina,Jasper,24.48,-5,541.4787836,112,4,16,0,111.9987701
10,"[1041103, 1042329, 1042524, 1043030, 1041122]","[260, 286, 289, 297, 261]","[21.0, 402.0, 664.0, 116.0, 10.0]",1213,0.16034988,,,353.7108,9.8253,32.63,-80.972,United States,South Carolina,Jasper,17.032001,-5,272.0852567,113,4,17,0,56.71748433
11,"[1043030, 1043974]","[297, 308]","[198.0, 281.0]",479,0.16281727,,,139.6764,3.8799,32.63,-80.915,United States,South Carolina,Jasper,4.845,-5,107.4434171,114,4,18,0,22.74173013
12,"[1044783, 1043974]","[315, 308]","[502.0, 84.0]",586,0.1630662,,,170.8776,4.7466,32.63,-80.857,United States,South Carolina,Jasper,5.365,-5,131.4443202,115,4,19,0,27.8643609
13,[1031550],[42],[44.0],44,0.15874414,,,12.8304,0.3564,32.573,-81.488,United States,Georgia,Effingham,38.9,-5,9.869537363,128,5,8,0,2.036750814
14,"[1032254, 1031550, 1032291]","[52, 42, 54]","[715.0, 79.0, 141.0]",935,0.15871628,,,272.646,7.5735,32.573,-81.431,United States,Georgia,Effingham,37.52,-5,209.7277268,129,5,9,0,43.27335888
15,"[1033473, 1032254, 1033515, 1034441, 1032291]","[77, 52, 78, 97, 54]","[1103.0, 42.0, 98.0, 30.0, 7.0]",1280,0.1589155,,,373.248,10.368,32.573,-81.373,United States,Georgia,Effingham,33.022003,-5,287.1138735,130,5,10,0,59.31489254
16,"[1034441, 1035185]","[97, 105]","[125.0, 87.0]",212,0.15715784,,,61.8192,1.7172,32.573,-81.316,United States,Georgia,Effingham,26.9875,-5,47.55324185,131,5,11,0,9.715371943
17,"[1035614, 1037236, 1035615, 1037204]","[126, 158, 127, 156]","[252.0, 139.0, 50.0, 2.0]",443,0.15668707,,,129.1788,3.5883,32.573,-81.259,United States,South Carolina,Jasper,11.627501,-5,99.36833086,132,5,12,0,20.24064768
18,"[1038168, 1037236, 1037910, 1038170]","[182, 158, 173, 183]","[202.0, 566.0, 901.0, 116.0]",1785,0.1565848,,,520.506,14.4585,32.573,-81.201,United States,South Carolina,Jasper,16.605,-5,400.3892965,133,5,13,0,81.50332791
19,"[1038168, 1038798, 1039113, 1037910, 1038447, 1039290, 1038170, 1038448, 1039159]","[182, 198, 209, 173, 190, 215, 183, 191, 210]","[160.0, 251.0, 36.0, 405.0, 1165.0, 109.0, 62.0, 246.0, 21.0]",2455,0.15693511,,,715.878,19.8855,32.573,-81.144,United States,South Carolina,Jasper,19.90639,-5,550.6753992,134,5,14,0,112.3463927
20,"[1039113, 1040737, 1039290, 1040770, 1039159, 1040771]","[209, 246, 215, 248, 210, 249]","[293.0, 172.0, 589.0, 465.0, 135.0, 88.0]",1742,0.15756065,,,507.9672,14.1102,32.573,-81.087,United States,South Carolina,Jasper,22.206251,-5,390.7440642,135,5,15,0,80.03564221
21,"[1040737, 1041122, 1040770, 1041282, 1040771, 1041281]","[246, 261, 248, 266, 249, 265]","[179.0, 382.0, 527.0, 1141.0, 28.0, 191.0]",2448,0.15918471,,,713.8368,19.8288,32.573,-81.029,United States,South Carolina,Jasper,22.628334,-5,549.1052075,136,5,16,0,113.631904
22,"[1042524, 1043030, 1041122, 1042337, 1043122, 1041282, 1041281, 1042260, 1043124]","[289, 297, 261, 287, 300, 266, 265, 283, 301]","[301.0, 116.0, 7.0, 996.0, 224.0, 28.0, 7.0, 148.0, 74.0]",1901,0.16078678,,,554.3316,15.3981,32.573,-80.972,United States,South Carolina,Jasper,14.907778,-5,426.4089931,137,5,17,0,89.12919302
23,"[1043974, 1043030, 1043122, 1044267, 1043124, 1044268]","[308, 297, 300, 310, 301, 311]","[172.0, 32.0, 494.0, 543.0, 108.0, 23.0]",1372,0.16274,,,400.0752,11.1132,32.573,-80.915,United States,South Carolina,Jasper,4.7725,-5,307.750162,138,5,18,0,65.10823805
24,"[1043974, 1044783, 1045121, 1044267, 1045119]","[308, 315, 320, 310, 319]","[19.0, 233.0, 934.0, 145.0, 16.0]",1347,0.16227849,,,392.7852,10.9107,32.573,-80.857,United States,South Carolina,Jasper,3.936,-5,302.1424695,139,5,19,0,63.74058915
25,"[1030985, 1029428, 1030987]","[33, 15, 34]","[24.0, 227.0, 58.0]",309,0.16026297,,,90.1044,2.5029,32.515,-81.545,United States,Georgia,Effingham,35.087498,-5,69.31108353,151,6,7,0,14.44039875
26,"[1031550, 1030985, 1030987, 1031527]","[42, 33, 34, 41]","[298.0, 567.0, 406.0, 144.0]",1415,0.15937416,,,412.614,11.4615,32.515,-81.488,United States,Georgia,Effingham,39.500626,-5,317.3954367,152,6,8,0,65.76000965
27,"[1031550, 1032291, 1031527, 1032290]","[42, 54, 41, 53]","[405.0, 974.0, 164.0, 506.0]",2049,0.15857784,,,597.4884,16.5969,32.515,-81.431,United States,Georgia,Effingham,39.07,-5,459.6065687,153,6,9,0,94.7484199
28,"[1033515, 1034441, 1032291, 1032290, 1033207, 1033957]","[78, 97, 54, 53, 74, 86]","[900.0, 233.0, 40.0, 24.0, 601.0, 173.0]",1971,0.15810886,,,574.7436,15.9651,32.515,-81.373,United States,Georgia,Effingham,33.271664,-5,442.1105646,154,6,10,0,90.87205539
29,"[1034441, 1035185, 1033957, 1035193]","[97, 105, 86, 106]","[380.0, 624.0, 170.0, 216.0]",1390,0.1572012,,,405.324,11.259,32.515,-81.316,United States,Georgia,Effingham,25.86875,-5,311.787722,155,6,11,0,63.71741919
30,"[1035615, 1037204, 1035185, 1035193, 1036154, 1036378]","[127, 156, 105, 106, 134, 140]","[539.0, 77.0, 131.0, 72.0, 519.0, 99.0]",1437,0.15738924,,,419.0292,11.6397,32.515,-81.259,United States,Georgia,Effingham,16.9025,-5,322.3302068,156,6,12,0,65.95068733
31,"[1038170, 1037204, 1036378, 1038108]","[183, 156, 140, 181]","[296.0, 251.0, 206.0, 248.0]",1001,0.15762801,,,291.8916,8.1081,32.515,-81.201,United States,South Carolina,Jasper,11.06,-5,224.5320369,157,6,13,0,46.01029204
32,"[1038170, 1038448, 1039159, 1038427, 1039336, 1038108]","[183, 191, 210, 188, 221, 181]","[291.0, 1127.0, 153.0, 522.0, 124.0, 26.0]",2243,0.15702058,,,654.0588,18.1683,32.515,-81.144,United States,South Carolina,Jasper,14.619583,-5,503.1221325,158,6,14,0,102.7006921
33,"[1039159, 1040771, 1039336, 1040772]","[210, 249, 221, 250]","[954.0, 501.0, 724.0, 370.0]",2549,0.15755254,,,743.2884,20.6469,32.515,-81.087,United States,South Carolina,Jasper,16.999374,-5,571.7603228,159,6,15,0,117.1069754
34,"[1040771, 1041281, 1040772, 1041280]","[249, 265, 250, 264]","[589.0, 996.0, 427.0, 655.0]",2667,0.15927978,,,777.6972,21.6027,32.515,-81.029,United States,South Carolina,Jasper,17.8025,-5,598.2286724,160,6,16,0,123.8714389
35,"[1041281, 1042260, 1043124, 1041280, 1042259, 1043125]","[265, 283, 301, 264, 282, 302]","[26.0, 502.0, 218.0, 13.0, 45.0, 7.0]",811,0.1608138,,,236.4876,6.5691,32.515,-80.972,United States,South Carolina,Jasper,13.941667,-5,181.9135683,161,6,17,0,38.03046961
36,"[1043124, 1044268, 1043125, 1044269]","[301, 311, 302, 312]","[483.0, 639.0, 227.0, 275.0]",1624,0.1623587,,,473.5584,13.1544,32.515,-80.915,United States,South Carolina,Jasper,7.08875,-5,364.275727,162,6,18,0,76.8863262
37,"[1045119, 1044268, 1044269, 1045118]","[319, 311, 312, 318]","[117.0, 120.0, 60.0, 246.0]",543,0.16291001,,,158.3388,4.3983,32.515,-80.857,United States,South Carolina,Jasper,4.3587503,-5,121.7990801,163,6,19,0,25.79497549
38,"[1029428, 1030987, 1030455, 1030611]","[15, 34, 25, 28]","[56.0, 53.0, 100.0, 1.0]",210,0.16024311,,,61.236,1.701,32.458,-81.545,United States,Georgia,Effingham,32.125,-5,47.10462312,175,7,7,0,9.812647084
39,"[1030987, 1031527, 1030455, 1031380, 1030611, 1031784]","[34, 41, 25, 39, 28, 47]","[276.0, 135.0, 1000.0, 380.0, 26.0, 9.0]",1826,0.15996994,,,532.4616,14.7906,32.458,-81.488,United States,Georgia,Effingham,35.796665,-5,409.5859416,176,7,8,0,85.1778502
40,"[1031527, 1032290, 1031380, 1032358, 1031784, 1032688]","[41, 53, 39, 55, 47, 63]","[196.0, 285.0, 294.0, 746.0, 3.0, 19.0]",1543,0.15916206,,,449.9388,12.4983,32.458,-81.431,United States,Georgia,Effingham,37.579998,-5,346.1068261,177,7,9,0,71.61318628
41,"[1032290, 1033207, 1033957, 1032882, 1034335, 1032358, 1033019, 1033690]","[53, 74, 86, 67, 94, 55, 70, 82]","[13.0, 371.0, 90.0, 667.0, 371.0, 43.0, 6.0, 9.0]",1570,0.15856957,,,457.812,12.717,32.458,-81.373,United States,Georgia,Effingham,31.465,-5,352.1631348,178,7,10,0,72.59505198
42,"[1033957, 1035193, 1034335, 1035164, 1033690, 1034578]","[86, 106, 94, 104, 82, 100]","[195.0, 254.0, 622.0, 738.0, 13.0, 21.0]",1843,0.1578797,,,537.4188,14.9283,32.458,-81.316,United States,Georgia,Effingham,23.586668,-5,413.3992018,179,7,11,0,84.84751892
43,"[1035193, 1036154, 1036378, 1035164, 1036363, 1037274, 1035612, 1036751]","[106, 134, 140, 104, 139, 160, 125, 147]","[40.0, 402.0, 140.0, 178.0, 1031.0, 337.0, 22.0, 6.0]",2156,0.15809867,,,628.6896,17.4636,32.458,-81.259,United States,Georgia,Effingham,20.2625,-5,483.6073974,180,7,12,0,99.3949896
44,"[1036378, 1038108, 1037274, 1037979, 1036751]","[140, 181, 160, 177, 147]","[209.0, 209.0, 668.0, 7.0, 21.0]",1114,0.15854567,,,324.8424,9.0234,32.458,-81.201,United States,South Carolina,Jasper,12.815999,-5,249.8787586,181,7,13,0,51.50235595
45,"[1038427, 1039336, 1038108, 1037979, 1038943, 1039111, 1038308, 1039292]","[188, 221, 181, 177, 206, 208, 184, 216]","[159.0, 26.0, 4.0, 44.0, 105.0, 36.0, 1.0, 1.0]",376,0.15816855,,,109.6416,3.0456,32.458,-81.144,United States,South Carolina,Jasper,9.813749,-5,84.33970035,182,7,14,0,17.34185289
46,"[1039336, 1040772, 1039111, 1040102, 1039292, 1040601]","[221, 250, 208, 235, 216, 243]","[412.0, 233.0, 749.0, 585.0, 13.0, 13.0]",2005,0.15837488,,,584.658,16.2405,32.458,-81.087,United States,South Carolina,Jasper,12.718334,-5,449.7369969,183,7,15,0,92.59514059
47,"[1040772, 1041280, 1040102, 1041089, 1040601, 1041550]","[250, 264, 235, 258, 243, 273]","[198.0, 460.0, 540.0, 898.0, 5.0, 20.0]",2121,0.15970626,,,618.4836,17.1801,32.458,-81.029,United States,South Carolina,Jasper,12.593333,-5,475.7566608,184,7,16,0,98.77570263
48,"[1042259, 1041280, 1043125, 1041911, 1043083, 1041089, 1042127, 1043068]","[282, 264, 302, 277, 299, 258, 280, 298]","[51.0, 9.0, 154.0, 847.0, 233.0, 21.0, 11.0, 2.0]",1328,0.1611709,,,387.2448,10.7568,32.458,-80.972,United States,South Carolina,Jasper,11.06,-5,297.8806643,185,7,17,0,62.41259294
49,"[1043125, 1044269, 1043083, 1043948, 1043068, 1044275]","[302, 312, 299, 307, 298, 313]","[169.0, 262.0, 289.0, 593.0, 4.0, 10.0]",1327,0.16280068,,,386.9532,10.7487,32.458,-80.915,United States,South Carolina,Jasper,6.4166665,-5,297.6563361,186,7,18,0,62.99624409
50,"[1044269, 1045118, 1043948, 1045326, 1044275, 1045116]","[312, 318, 307, 321, 313, 317]","[60.0, 365.0, 109.0, 699.0, 4.0, 16.0]",1253,0.16394316,,,365.3748,10.1493,32.458,-80.857,United States,South Carolina,Jasper,4.07,-5,281.0575265,187,7,19,0,59.9006993
51,[1030611],[28],[26.0],26,0.159776,,,7.5816,0.2106,32.401,-81.545,United States,Georgia,Effingham,25.15,-5,5.832000556,199,8,7,0,1.211357722
52,"[1030611, 1031784, 1030438, 1031620]","[28, 47, 24, 44]","[635.0, 332.0, 231.0, 89.0]",1287,0.15947661,,,375.2892,10.4247,32.401,-81.488,United States,Georgia,Effingham,24.945,-5,288.6840275,200,8,8,0,59.84984939
53,"[1031784, 1032688, 1031620, 1032412]","[47, 63, 44, 57]","[420.0, 749.0, 127.0, 381.0]",1677,0.15811533,,,489.0132,13.5837,32.401,-81.431,United States,Georgia,Effingham,30.48,-5,376.1640618,201,8,9,0,77.32048349
54,"[1033019, 1033690, 1032688, 1032412, 1033555, 1034522]","[70, 82, 63, 57, 80, 98]","[926.0, 341.0, 46.0, 27.0, 329.0, 128.0]",1797,0.1580067,,,524.0052,14.5557,32.401,-81.373,United States,Georgia,Effingham,29.18,-5,403.0809893,202,8,10,0,82.79633243
55,"[1033690, 1034578, 1034522, 1035448]","[82, 100, 98, 117]","[426.0, 638.0, 28.0, 100.0]",1192,0.15756667,,,347.5872,9.6552,32.401,-81.316,United States,Georgia,Effingham,21.175,-5,267.3747947,203,8,11,0,54.76815764
56,"[1035612, 1036751, 1034578, 1035448, 1036272, 1036516]","[125, 147, 100, 117, 137, 142]","[900.0, 356.0, 196.0, 97.0, 387.0, 176.0]",2112,0.15784007,,,615.8592,17.1072,32.401,-81.259,United States,Georgia,Effingham,18.79,-5,473.7378913,204,8,12,0,97.20725924
57,"[1036751, 1037977, 1036516, 1037827]","[147, 176, 142, 170]","[1154.0, 201.0, 339.0, 186.0]",1880,0.15774931,,,548.208,15.228,32.401,-81.201,United States,Georgia,Effingham,11.59,-5,421.6985308,205,8,13,0,86.47943374
58,"[1038308, 1039292, 1037977, 1038927, 1039310, 1037827]","[184, 216, 176, 203, 217, 170]","[262.0, 128.0, 6.0, 134.0, 66.0, 2.0]",598,0.15836261,,,174.3768,4.8438,32.401,-81.144,United States,South Carolina,Jasper,6.6949997,-5,134.1360128,206,8,14,0,27.61476517
59,"[1039292, 1040601, 1039310, 1040010]","[216, 243, 217, 231]","[483.0, 370.0, 276.0, 155.0]",1284,0.15853186,,,374.4144,10.4004,32.401,-81.087,United States,South Carolina,Jasper,7.0025,-5,288.0111044,207,8,15,0,59.35661124
60,"[1040601, 1041550, 1040010, 1040941]","[243, 273, 231, 256]","[280.0, 460.0, 194.0, 292.0]",1226,0.15995456,,,357.5016,9.9306,32.401,-81.029,United States,South Carolina,Jasper,6.8500004,-5,275.001257,208,8,16,0,57.18401113
61,"[1042127, 1041550, 1043068, 1040941, 1041840, 1043006]","[280, 273, 298, 256, 276, 296]","[488.0, 22.0, 158.0, 19.0, 431.0, 203.0]",1321,0.16078977,,,385.2036,10.7001,32.401,-80.972,United States,South Carolina,Jasper,6.06,-5,296.3104898,209,8,17,0,61.93679825
62,"[1043068, 1044275, 1043006, 1043924]","[298, 313, 296, 306]","[588.0, 768.0, 204.0, 389.0]",1949,0.16271535,,,568.3284,15.7869,32.401,-80.915,United States,South Carolina,Jasper,4.7,-5,437.1757942,210,8,18,0,92.47575452
63,"[1044275, 1045116, 1043924]","[313, 317, 306]","[124.0, 777.0, 86.0]",987,0.16387367,,,287.8092,7.9947,32.401,-80.857,United States,South Carolina,Jasper,3.9733334,-5,221.3917287,211,8,19,0,47.16434986
64,"[1030438, 1031620, 1031727]","[24, 44, 46]","[86.0, 83.0, 49.0]",218,0.15948631,,,63.5688,1.7658,32.343,-81.488,United States,Georgia,Effingham,19.766668,-5,48.89908832,224,9,8,0,10.13835334
65,"[1031620, 1032412, 1031727, 1032187]","[44, 57, 46, 50]","[124.0, 193.0, 138.0, 320.0]",775,0.15891406,,,225.99,6.2775,32.343,-81.431,United States,Georgia,Effingham,22.9975,-5,173.8385021,225,9,9,0,35.91298842
66,"[1032412, 1033555, 1034522, 1032932, 1033722, 1032187]","[57, 80, 98, 69, 83, 50]","[29.0, 524.0, 113.0, 425.0, 163.0, 15.0]",1269,0.15916777,,,370.0404,10.2789,32.343,-81.373,United States,Georgia,Effingham,27.203333,-5,284.6464691,226,9,10,0,58.89850528
67,"[1035448, 1034522, 1033722, 1034746]","[117, 98, 83, 102]","[154.0, 100.0, 268.0, 580.0]",1102,0.15906787,,,321.3432,8.9262,32.343,-81.316,United States,Georgia,Effingham,23.555,-5,247.1870835,227,9,11,0,51.11537836
68,"[1035448, 1036272, 1036516, 1034746, 1036098, 1037203]","[117, 137, 142, 102, 132, 155]","[84.0, 454.0, 94.0, 180.0, 882.0, 116.0]",1810,0.15854411,,,527.796,14.661,32.343,-81.259,United States,Georgia,Effingham,17.738333,-5,405.9969898,228,9,12,0,83.67894708
69,"[1036516, 1037827, 1038007, 1037203]","[142, 170, 178, 155]","[355.0, 161.0, 252.0, 24.0]",792,0.15891954,,,230.9472,6.4152,32.343,-81.201,United States,Georgia,Effingham,13.530001,-5,177.6517337,229,9,13,0,36.70202279
70,"[1038927, 1039310, 1038736, 1039315, 1038007]","[203, 217, 195, 219, 178]","[104.0, 90.0, 72.0, 146.0, 7.0]",419,0.15957999,,,122.1804,3.3939,32.343,-81.144,United States,South Carolina,Jasper,7.3440003,-5,93.98493851,230,9,14,0,19.49754701
71,"[1039310, 1040010, 1039315, 1040045]","[217, 231, 219, 233]","[538.0, 231.0, 780.0, 353.0]",1902,0.15992828,,,554.6232,15.4062,32.343,-81.087,United States,South Carolina,Jasper,6.2749996,-5,426.6333302,231,9,15,0,88.69993442
72,"[1040010, 1040941, 1040045, 1041701]","[231, 256, 233, 274]","[160.0, 404.0, 254.0, 793.0]",1611,0.16133812,,,469.7676,13.0491,32.343,-81.029,United States,South Carolina,Jasper,5.58,-5,361.3597268,232,9,16,0,75.79142142
73,"[1040941, 1041840, 1043006, 1042712, 1042945]","[256, 276, 296, 292, 293]","[7.0, 507.0, 344.0, 852.0, 481.0]",2191,0.1618549,,,638.8956,17.7471,32.343,-80.972,United States,South Carolina,Jasper,4.97,-5,491.458133,233,9,17,0,103.4083834
74,"[1043006, 1043924, 1042945]","[296, 306, 293]","[195.0, 317.0, 324.0]",836,0.16324718,,,243.7776,6.7716,32.343,-80.915,United States,South Carolina,Jasper,5.343333,-5,187.5212616,234,9,18,0,39.79600575
75,[1043924],[306],[59.0],59,0.1636375,,,17.2044,0.4779,32.343,-80.857,United States,South Carolina,Jasper,5.7,-5,13.23415329,235,9,19,0,2.815285005
76,"[1031727, 1032187, 1032570, 1032566]","[46, 50, 59, 58]","[37.0, 57.0, 629.0, 195.0]",918,0.1597448,,,267.6888,7.4358,32.286,-81.431,United States,Georgia,Effingham,17.2475,-5,205.9145095,249,10,9,0,42.76189382
77,"[1032932, 1033722, 1033270, 1034157, 1032570, 1032813, 1033774, 1032566]","[69, 83, 75, 89, 59, 66, 84, 58]","[16.0, 1.0, 911.0, 306.0, 46.0, 281.0, 93.0, 15.0]",1669,0.15985814,,,486.6804,13.5189,32.286,-81.373,United States,Georgia,Effingham,21.8675,-5,374.3695999,250,10,10,0,77.79982352
78,"[1033722, 1034746, 1034157, 1035435, 1033774, 1034583]","[83, 102, 89, 115, 84, 101]","[26.0, 53.0, 463.0, 671.0, 159.0, 223.0]",1595,0.15911241,,,465.102,12.9195,32.286,-81.316,United States,Georgia,Effingham,23.153334,-5,357.770828,251,10,11,0,74.00350012
79,"[1034746, 1036098, 1035435, 1035880, 1034583, 1036046]","[102, 132, 115, 129, 101, 131]","[32.0, 56.0, 232.0, 537.0, 54.0, 318.0]",1229,0.15840271,,,358.3764,9.9549,32.286,-81.259,United States,Georgia,Effingham,20.353334,-5,275.6741991,252,10,12,0,56.76779296
80,"[1037203, 1038007, 1036870, 1037545, 1036877, 1037685]","[155, 178, 149, 162, 150, 164]","[19.0, 16.0, 247.0, 305.0, 22.0, 44.0]",653,0.15963267,,,190.4148,5.2893,32.286,-81.201,United States,Georgia,Effingham,13.099999,-5,146.472937,253,10,13,0,30.39642293
81,"[1038736, 1039315, 1038937, 1039247]","[195, 219, 205, 211]","[10.0, 14.0, 9.0, 73.0]",106,0.15963066,,,30.9096,0.8586,32.286,-81.144,United States,Georgia,Effingham,4.2999997,-5,23.77662093,254,10,14,0,4.934119848
82,"[1039315, 1040045, 1039247, 1040461, 1039496, 1040456]","[219, 233, 211, 239, 223, 238]","[127.0, 35.0, 443.0, 98.0, 150.0, 184.0]",1037,0.16015157,,,302.3892,8.3997,32.286,-81.087,United States,South Carolina,Jasper,5.66,-5,232.6071311,255,10,15,0,48.42810513
83,"[1040045, 1041701, 1040461, 1041211, 1040456, 1041429]","[233, 274, 239, 263, 238, 271]","[51.0, 29.0, 371.0, 837.0, 153.0, 389.0]",1830,0.16147855,,,533.628,14.823,32.286,-81.029,United States,South Carolina,Jasper,5.2266665,-5,410.4832009,256,10,16,0,86.16947568
84,"[1042712, 1042945, 1041211, 1041429]","[292, 293, 263, 271]","[49.0, 72.0, 13.0, 9.0]",143,0.16247961,,,41.6988,1.1583,32.286,-80.972,United States,South Carolina,Jasper,4.5625,-5,32.07600306,257,10,17,0,6.775204761
85,[1042945],[293],[19.0],19,0.1634032,,,5.5404,0.1539,32.286,-80.915,United States,South Carolina,Jasper,5.05,-5,4.261846267,258,10,18,0,0.905319089
86,"[1030074, 1030944]","[22, 32]","[297.0, 18.0]",315,0.16279393,,,91.854,2.5515,32.229,-81.545,United States,Georgia,Bryan,20.24,-5,70.65693468,271,11,7,0,14.95327365
87,"[1031679, 1030944]","[45, 32]","[301.0, 399.0]",700,0.16230577,,,204.12,5.67,32.229,-81.488,United States,Georgia,Bryan,20.8,-5,157.0153996,272,11,8,0,33.12985377
88,"[1032566, 1031679, 1032581]","[58, 45, 60]","[361.0, 407.0, 409.0]",1177,0.16159154,,,343.2132,9.5337,32.229,-81.431,United States,Georgia,Effingham,16.586668,-5,264.0101608,273,11,9,0,55.46034954
89,"[1032813, 1033774, 1032566, 1032581, 1033317, 1034176]","[66, 84, 58, 60, 76, 91]","[526.0, 175.0, 19.0, 23.0, 486.0, 339.0]",1568,0.16063888,,,457.2288,12.7008,32.229,-81.373,United States,Georgia,Effingham,17.353334,-5,351.7145193,274,11,10,0,73.44872234
90,"[1033774, 1034583, 1034176, 1035054]","[84, 101, 91, 103]","[423.0, 426.0, 473.0, 520.0]",1842,0.15987101,,,537.1272,14.9202,32.229,-81.316,United States,Georgia,Effingham,20.855,-5,413.1748656,275,11,11,0,85.87106796
91,"[1034583, 1036046, 1036877, 1035852, 1036915, 1035054]","[101, 131, 150, 128, 151, 103]","[119.0, 720.0, 35.0, 434.0, 177.0, 89.0]",1574,0.15992256,,,458.9784,12.7494,32.229,-81.259,United States,Georgia,Effingham,16.29,-5,353.06039,276,11,12,0,73.40100071
92,"[1037685, 1036877, 1036915, 1037359]","[164, 150, 151, 161]","[238.0, 231.0, 386.0, 396.0]",1251,0.16106671,,,364.7916,10.1331,32.229,-81.201,United States,Georgia,Chatham,8.33,-5,280.6089305,277,11,13,0,58.75578285
93,"[1039496, 1040456, 1039273, 1040872]","[223, 238, 213, 253]","[279.0, 204.0, 105.0, 342.0]",930,0.16165332,,,271.188,7.533,32.229,-81.087,United States,South Carolina,Jasper,4.3050003,-5,208.6062025,279,11,15,0,43.83844054
94,"[1040456, 1041429, 1040872, 1041170]","[238, 271, 253, 262]","[277.0, 306.0, 143.0, 400.0]",1126,0.16248442,,,328.3416,9.1206,32.229,-81.029,United States,South Carolina,Jasper,4.7400002,-5,252.5704682,280,11,16,0,53.35039444
95,[1025561],[0],[37.0],37,0.16153295,,,10.7892,0.2997,32.171,-81.775,United States,Georgia,Bryan,37,-5,8.299385407,291,12,3,0,1.742811304
96,"[1026463, 1025561, 1026520]","[1, 0, 2]","[449.0, 32.0, 156.0]",637,0.1614819,,,185.7492,5.1597,32.171,-81.718,United States,Georgia,Bryan,33.854168,-5,142.8840038,292,12,4,0,29.99513374
97,"[1028237, 1026956, 1026463, 1026520, 1027153, 1028113]","[8, 3, 1, 2, 5, 7]","[54.0, 598.0, 157.0, 45.0, 154.0, 24.0]",1032,0.16181144,,,300.9312,8.3592,32.171,-81.66,United States,Georgia,Bryan,30.422081,-5,231.4855765,293,12,5,0,48.69411081
98,"[1028237, 1028628, 1028113, 1029007]","[8, 10, 7, 13]","[254.0, 416.0, 41.0, 52.0]",763,0.16224386,,,222.4908,6.1803,32.171,-81.603,United States,Georgia,Bryan,25.5425,-5,171.1467973,294,12,6,0,36.09776621
99,"[1030074, 1030944, 1028628, 1029590, 1030876, 1029007, 1029555, 1030318]","[22, 32, 10, 21, 30, 13, 20, 23]","[248.0, 27.0, 364.0, 916.0, 76.0, 64.0, 147.0, 13.0]",1855,0.16235721,,,540.918,15.0255,32.171,-81.545,United States,Georgia,Bryan,20.754063,-5,416.0908662,295,12,7,0,87.82193732
100,"[1030944, 1031679, 1030876, 1031123, 1030318, 1031292]","[32, 45, 30, 35, 23, 37]","[89.0, 97.0, 768.0, 346.0, 151.0, 73.0]",1524,0.16177167,,,444.3984,12.3444,32.171,-81.488,United States,Georgia,Bryan,19.717083,-5,341.8449557,296,12,8,0,71.89107131
101,"[1031679, 1032581, 1031123, 1032685, 1031292, 1032088]","[45, 60, 35, 62, 37, 49]","[102.0, 143.0, 640.0, 703.0, 66.0, 71.0]",1725,0.1618329,,,503.01,13.9725,32.171,-81.431,United States,Georgia,Bryan,17.155,-5,386.9308594,297,12,9,0,81.40356703
102,"[1033317, 1034176, 1032581, 1032685, 1032892, 1033983, 1033138, 1034532]","[76, 91, 60, 62, 68, 87, 72, 99]","[170.0, 140.0, 8.0, 35.0, 588.0, 329.0, 148.0, 71.0]",1489,0.1609942,,,434.1924,12.0609,32.171,-81.373,United States,Georgia,Effingham,13.67375,-5,333.9942087,298,12,10,0,69.90245808
103,"[1034176, 1035054, 1033983, 1035369, 1034532, 1035254]","[91, 103, 87, 113, 99, 110]","[105.0, 172.0, 467.0, 524.0, 141.0, 132.0]",1541,0.16062188,,,449.3556,12.4821,32.171,-81.316,United States,Georgia,Effingham,12.871251,-5,345.6581868,299,12,11,0,72.17634126
104,"[1035054, 1035852, 1036915, 1035518, 1036799, 1035369, 1035522, 1037219, 1035254]","[103, 128, 151, 120, 148, 113, 121, 157, 110]","[25.0, 113.0, 56.0, 851.0, 180.0, 59.0, 121.0, 13.0, 20.0]",1438,0.1619497,,,419.3208,11.6478,32.171,-81.259,United States,Georgia,Chatham,8.648611,-5,322.5545367,300,12,12,0,67.90887776
105,"[1036915, 1037359, 1036799, 1037803, 1037219]","[151, 161, 148, 167, 157]","[170.0, 46.0, 337.0, 54.0, 93.0]",700,0.16229828,,,204.12,5.67,32.171,-81.201,United States,Georgia,Chatham,5.164,-5,157.0153996,301,12,13,0,33.12832491
106,"[1040872, 1040555, 1040759]","[253, 241, 247]","[89.0, 57.0, 2.0]",148,0.162539,,,43.1568,1.1988,32.171,-81.087,United States,South Carolina,Jasper,2.8066666,-5,33.19754163,303,12,15,0,7.014663115
107,"[1040872, 1041170, 1040555, 1041409, 1040759, 1040940]","[253, 262, 241, 270, 247, 255]","[85.0, 201.0, 210.0, 791.0, 78.0, 161.0]",1526,0.16288315,,,444.9816,12.3606,32.171,-81.029,United States,South Carolina,Jasper,3.3550003,-5,342.2935947,304,12,16,0,72.4800047
108,"[1041170, 1042092, 1041409, 1040940, 1042612]","[262, 279, 270, 255, 291]","[1.0, 591.0, 11.0, 6.0, 126.0]",735,0.16291267,,,214.326,5.9535,32.171,-80.972,United States,South Carolina,Jasper,3.3700001,-5,164.8661809,305,12,17,0,34.91642091
109,[1025561],[0],[449.0],449,0.16153297,,,130.9284,3.6369,32.114,-81.775,United States,Georgia,Bryan,37,-5,100.7141773,315,13,3,0,21.14925331
110,"[1025561, 1026520]","[0, 2]","[423.0, 352.0]",775,0.16149665,,,225.99,6.2775,32.114,-81.718,United States,Georgia,Bryan,33.28125,-5,173.8385021,316,13,4,0,36.49662793
111,"[1026520, 1027153, 1028113, 1027104, 1028110]","[2, 5, 7, 4, 6]","[166.0, 712.0, 123.0, 434.0, 150.0]",1585,0.1612084,,,462.186,12.8385,32.114,-81.66,United States,Georgia,Bryan,25.9065,-5,355.5277507,317,13,5,0,74.50826556
112,"[1028113, 1029007, 1028110, 1029010]","[7, 13, 6, 14]","[340.0, 247.0, 328.0, 458.0]",1373,0.16077922,,,400.3668,11.1213,32.114,-81.603,United States,Georgia,Bryan,23.3025,-5,307.9744697,318,13,6,0,64.37066182
113,"[1029007, 1029555, 1030318, 1029010, 1029554, 1030511]","[13, 20, 23, 14, 19, 27]","[159.0, 520.0, 50.0, 253.0, 372.0, 36.0]",1390,0.1608797,,,405.324,11.259,32.114,-81.545,United States,Georgia,Bryan,21.702082,-5,311.787722,319,13,7,0,65.20840352
114,"[1030318, 1031292, 1030511, 1031289]","[23, 37, 27, 36]","[706.0, 358.0, 499.0, 252.0]",1815,0.16048658,,,529.254,14.7015,32.114,-81.488,United States,Georgia,Bryan,20.450626,-5,407.1185284,320,13,8,0,84.93816441
115,"[1032088, 1031292, 1031289, 1032087]","[49, 37, 36, 48]","[564.0, 240.0, 327.0, 373.0]",1504,0.15982868,,,438.5664,12.1824,32.114,-81.431,United States,Georgia,Bryan,15.362501,-5,337.3588014,321,13,9,0,70.0954888
116,"[1033138, 1034532, 1033173, 1034344, 1032087]","[72, 99, 73, 95, 48]","[493.0, 277.0, 351.0, 216.0, 20.0]",1357,0.15979494,,,395.7012,10.9917,32.114,-81.373,United States,Georgia,Chatham,8.326,-5,304.3855885,322,13,10,0,63.23104951
117,"[1034532, 1035254, 1034344, 1035273]","[99, 110, 95, 111]","[192.0, 467.0, 270.0, 242.0]",1171,0.16094466,,,341.4636,9.4851,32.114,-81.316,United States,Georgia,Chatham,6.616875,-5,262.6643147,323,13,11,0,54.956743
118,"[1035522, 1037219, 1035254, 1036207, 1037246, 1035273]","[121, 157, 110, 135, 159, 111]","[122.0, 25.0, 92.0, 243.0, 34.0, 100.0]",616,0.16142707,,,179.6256,4.9896,32.114,-81.259,United States,Georgia,Chatham,5.519583,-5,138.1735326,324,13,12,0,28.9964343
119,"[1037219, 1037817, 1037246]","[157, 168, 159]","[142.0, 13.0, 60.0]",215,0.16136447,,,62.694,1.7415,32.114,-81.201,United States,Georgia,Chatham,6.066667,-5,48.22616509,325,13,13,0,10.11658408
120,"[1040759, 1040789, 1039922]","[247, 252, 230]","[41.0, 73.0, 2.0]",116,0.16100442,,,33.8256,0.9396,32.114,-81.087,United States,South Carolina,Jasper,2.12,-5,26.01970017,327,13,15,0,5.446071109
121,"[1040759, 1040940, 1040789, 1040938]","[247, 255, 252, 254]","[22.0, 175.0, 31.0, 117.0]",345,0.16283202,,,100.602,2.7945,32.114,-81.029,United States,South Carolina,Jasper,2.3425,-5,77.38616656,328,13,16,0,16.38122688
122,"[1042612, 1040940, 1040938, 1042323]","[291, 255, 254, 284]","[63.0, 3.0, 3.0, 31.0]",100,0.16308208,,,29.16,0.81,32.114,-80.972,United States,South Carolina,Jasper,2.3625,-5,22.43077446,329,13,17,0,4.755473453
123,[1043334],[305],[5.0],5,0.16571411,,,1.458,0.0405,32.114,-80.915,United States,South Carolina,Jasper,1.4,-5,1.121538568,330,13,18,0,0.241611172
124,"[1027104, 1028110, 1028270]","[4, 6, 9]","[162.0, 29.0, 53.0]",244,0.16046132,,,71.1504,1.9764,32.057,-81.66,United States,Georgia,Bryan,20.586668,-5,54.73108968,341,14,5,0,11.4168871
125,"[1028110, 1029010, 1028270, 1028945, 1028976]","[6, 14, 9, 11, 12]","[199.0, 234.0, 376.0, 596.0, 18.0]",1423,0.1608642,,,414.9468,11.5263,32.057,-81.603,United States,Georgia,Bryan,19.688,-5,319.1898766,342,14,6,0,66.75008502
126,"[1029010, 1029554, 1030511, 1028945, 1029532, 1030508, 1029530, 1030869]","[14, 19, 27, 11, 18, 26, 17, 29]","[103.0, 368.0, 47.0, 334.0, 1243.0, 133.0, 46.0, 4.0]",2278,0.16077675,,,664.2648,18.4518,32.057,-81.545,United States,Georgia,Bryan,20.925,-5,510.9729366,343,14,7,0,106.7983357
127,"[1030511, 1031289, 1030508, 1031330, 1030869, 1031611]","[27, 36, 26, 38, 29, 43]","[309.0, 221.0, 993.0, 524.0, 68.0, 35.0]",2150,0.16027322,,,626.94,17.415,32.057,-81.488,United States,Georgia,Bryan,18.44,-5,482.2615845,344,14,8,0,100.4816925
128,"[1031289, 1032087, 1031330, 1032213, 1031611, 1032391]","[36, 48, 38, 51, 43, 56]","[69.0, 221.0, 264.0, 821.0, 23.0, 28.0]",1426,0.15938541,,,415.8216,11.5506,32.057,-81.431,United States,Georgia,Bryan,12.046666,-5,319.8627997,345,14,9,0,66.2758962
129,"[1033173, 1034344, 1032087, 1033095, 1034383, 1032213, 1033541, 1034218]","[73, 95, 48, 71, 96, 51, 79, 92]","[211.0, 184.0, 22.0, 944.0, 167.0, 68.0, 47.0, 17.0]",1660,0.1597171,,,484.056,13.446,32.057,-81.373,United States,Georgia,Bryan,6.6349998,-5,372.3508304,346,14,10,0,77.31202056
130,"[1034344, 1035273, 1034383, 1035220, 1034218, 1035462]","[95, 111, 96, 107, 92, 118]","[343.0, 271.0, 342.0, 572.0, 7.0, 19.0]",1554,0.16080093,,,453.1464,12.5874,32.057,-81.316,United States,Georgia,Chatham,5.2283335,-5,348.5741871,347,14,11,0,72.86636255
131,"[1036207, 1037246, 1035273, 1035220, 1035994, 1036635, 1035462, 1035532]","[135, 159, 111, 107, 130, 145, 118, 122]","[200.0, 13.0, 60.0, 150.0, 431.0, 100.0, 5.0, 13.0]",972,0.16147384,,,283.4352,7.8732,32.057,-81.259,United States,Georgia,Chatham,4.98625,-5,218.0271127,348,14,12,0,45.76737014
132,"[1037246, 1036635, 1037834, 1038093]","[159, 145, 171, 180]","[24.0, 234.0, 137.0, 32.0]",427,0.16025656,,,124.5132,3.4587,32.057,-81.201,United States,Georgia,Chatham,4.5,-5,95.77940035,349,14,13,0,19.95405711
133,"[1037834, 1038093]","[171, 180]","[3.0, 1.0]",4,0.16000287,,,1.1664,0.0324,32.057,-81.144,United States,Georgia,Chatham,4.78,-5,0.897230793,350,14,14,0,0.186627348
134,[1043334],[305],[10.0],10,0.16571411,,,2.916,0.081,32.057,-80.972,United States,South Carolina,Jasper,1.4,-5,2.243077137,353,14,17,0,0.483222345
135,[1028976],[12],[350.0],350,0.16185398,,,102.06,2.835,31.999,-81.603,United States,Georgia,Bryan,17.48,-5,78.50769979,366,15,6,0,16.5188172
136,"[1029530, 1030869, 1028976, 1029451, 1030928]","[17, 29, 12, 16, 31]","[712.0, 109.0, 242.0, 180.0, 10.0]",1253,0.16105922,,,365.3748,10.1493,31.999,-81.545,United States,Georgia,Bryan,19.282,-5,281.0575265,367,15,7,0,58.8469803
137,"[1030869, 1031611, 1030928, 1031490]","[29, 43, 31, 40]","[1003.0, 434.0, 408.0, 195.0]",2040,0.1597,,,594.864,16.524,31.999,-81.488,United States,Georgia,Bryan,14.032499,-5,457.587799,368,15,8,0,94.9997808
138,"[1031611, 1032391, 1031490, 1032655]","[43, 56, 40, 61]","[455.0, 602.0, 183.0, 212.0]",1452,0.15922976,,,423.4032,11.7612,31.999,-81.431,United States,Georgia,Bryan,10.22,-5,325.6948227,369,15,9,0,67.41838992
139,"[1033541, 1034218, 1032391, 1032655, 1033653, 1034175]","[79, 92, 56, 61, 81, 90]","[822.0, 486.0, 28.0, 8.0, 306.0, 160.0]",1810,0.16002123,,,527.796,14.661,31.999,-81.373,United States,Georgia,Bryan,8.726666,-5,405.9969898,370,15,10,0,84.45856511
140,"[1034218, 1035462, 1034175, 1035366]","[92, 118, 90, 112]","[605.0, 207.0, 126.0, 12.0]",950,0.16002329,,,277.02,7.695,31.999,-81.316,United States,Georgia,Bryan,7.87,-5,213.0923427,371,15,11,0,44.3296518
141,"[1035462, 1035532, 1036696, 1035475]","[118, 122, 146, 119]","[94.0, 212.0, 35.0, 20.0]",361,0.15995173,,,105.2676,2.9241,31.999,-81.259,United States,Georgia,Chatham,6.9624996,-5,80.97508465,372,15,12,0,16.83773473
142,"[1038093, 1036696, 1036944]","[180, 146, 153]","[53.0, 28.0, 2.0]",83,0.15894197,,,24.2028,0.6723,31.999,-81.201,United States,Georgia,Chatham,6.1066666,-5,18.61754152,373,15,13,0,3.846840712
143,"[1038093, 1038433]","[180, 189]","[34.0, 10.0]",44,0.15943718,,,12.8304,0.3564,31.999,-81.144,United States,Georgia,Chatham,6.8199997,-5,9.869537363,374,15,14,0,2.045642794
144,[1039258],[212],[44.0],44,0.15990199,,,12.8304,0.3564,31.999,-81.087,United States,Georgia,Chatham,9.7,-5,9.869537363,375,15,15,0,2.051606492
145,[1041375],[269],[32.0],32,0.16080339,,,9.3312,0.2592,31.999,-81.029,United States,Georgia,None,2.44,-5,7.177846344,376,15,16,0,1.500488593
146,[1042583],[290],[35.0],35,0.16427791,,,10.206,0.2835,31.999,-80.972,United States,Georgia,Chatham,3.44,-5,7.850769979,377,15,17,0,1.676620349
147,"[1029451, 1030928]","[16, 31]","[77.0, 8.0]",85,0.15894078,,,24.786,0.6885,31.942,-81.545,United States,Georgia,Bryan,21.115,-5,19.06615829,391,16,7,0,3.939506173
148,"[1030928, 1031490]","[31, 40]","[24.0, 110.0]",134,0.1594424,,,39.0744,1.0854,31.942,-81.488,United States,Georgia,Bryan,14.475,-5,30.0572295,392,16,8,0,6.230116115
149,"[1031490, 1032655]","[40, 61]","[279.0, 545.0]",824,0.15997133,,,240.2784,6.6744,31.942,-81.431,United States,Georgia,Bryan,12.42,-5,184.8295688,393,16,9,0,38.43765522
150,"[1033653, 1034175, 1032655, 1032795, 1033984]","[81, 90, 61, 64, 88]","[458.0, 164.0, 14.0, 903.0, 251.0]",1790,0.16130075,,,521.964,14.499,31.942,-81.373,United States,Georgia,Bryan,12.198,-5,401.5108628,394,16,10,0,84.19318467
151,"[1034175, 1033984, 1035241]","[90, 88, 109]","[143.0, 15.0, 93.0]",251,0.16030018,,,73.1916,2.0331,31.942,-81.316,United States,Georgia,Bryan,12.710834,-5,56.30123614,395,16,11,0,11.73262665
152,"[1035241, 1035551]","[109, 123]","[59.0, 47.0]",106,0.16039354,,,30.9096,0.8586,31.942,-81.259,United States,Georgia,Bryan,8.25625,-5,23.77662093,396,16,12,0,4.957700164
153,[1038326],[185],[88.0],88,0.16129029,,,25.6608,0.7128,31.942,-81.144,United States,Georgia,Chatham,12.6,-5,19.73907881,398,16,14,0,4.138837874
154,"[1039258, 1040419]","[212, 237]","[41.0, 66.0]",107,0.16033384,,,31.2012,0.8667,31.942,-81.087,United States,Georgia,Chatham,11.75,-5,24.00092867,399,16,15,0,5.002608209
155,"[1032795, 1033984, 1032804, 1034316, 1033852]","[64, 88, 65, 93, 85]","[116.0, 13.0, 636.0, 304.0, 111.0]",1180,0.16069038,,,344.088,9.558,31.885,-81.373,United States,Georgia,Bryan,11.8220005,-5,264.6831022,418,17,10,0,55.29163147
156,"[1035241, 1035414, 1034316, 1033852, 1035438]","[109, 114, 93, 85, 116]","[53.0, 661.0, 359.0, 269.0, 342.0]",1684,0.16058436,,,491.0544,13.6404,31.885,-81.316,United States,Georgia,Bryan,13.158499,-5,377.7342419,419,17,11,0,78.85565655
157,"[1035241, 1035551, 1036256, 1035414, 1036938, 1035438, 1035567, 1036633]","[109, 123, 136, 114, 152, 116, 124, 144]","[8.0, 13.0, 828.0, 246.0, 66.0, 66.0, 287.0, 29.0]",1543,0.16120777,,,449.9388,12.4983,31.885,-81.259,United States,Georgia,Bryan,12.566563,-5,346.1068261,420,17,12,0,72.53363058
158,"[1036938, 1037640, 1036633, 1038026]","[152, 163, 144, 179]","[218.0, 136.0, 283.0, 262.0]",899,0.16100839,,,262.1484,7.2819,31.885,-81.201,United States,Georgia,Bryan,12.33,-5,201.6526624,421,17,13,0,42.20809183
159,[1038026],[179],[12.0],12,0.16089845,,,3.4992,0.0972,31.885,-81.144,United States,Georgia,Bryan,15.28,-5,2.69169275,422,17,14,0,0.563015856
160,"[1039422, 1040698]","[222, 244]","[60.0, 3.0]",63,0.16204274,,,18.3708,0.5103,31.885,-81.087,United States,Georgia,Chatham,5.5,-5,14.13138207,423,17,15,0,2.976854768
161,[1040698],[244],[4.0],4,0.16327699,,,1.1664,0.0324,31.885,-81.029,United States,Georgia,Chatham,11,-5,0.897230793,424,17,16,0,0.190446281
162,[1033852],[85],[57.0],57,0.1597992,,,16.6212,0.4617,31.827,-81.373,United States,Georgia,Bryan,10.6,-5,12.7855388,442,18,10,0,2.656054463
163,"[1033852, 1035438, 1035240]","[85, 116, 108]","[301.0, 555.0, 219.0]",1075,0.16081877,,,313.47,8.7075,31.827,-81.316,United States,Georgia,Bryan,10.633334,-5,241.1307756,443,18,11,0,50.41185983
164,"[1035438, 1035567, 1036633, 1035240, 1036302, 1036400]","[116, 124, 144, 108, 138, 141]","[132.0, 569.0, 167.0, 91.0, 665.0, 235.0]",1859,0.16202544,,,542.0844,15.0579,31.827,-81.259,United States,Georgia,Bryan,12.108333,-5,416.9880685,444,18,12,0,87.83146343
165,"[1036633, 1038026, 1036400, 1037938]","[144, 179, 141, 174]","[511.0, 313.0, 699.0, 81.0]",1604,0.16193677,,,467.7264,12.9924,31.827,-81.201,United States,Georgia,Bryan,12.42,-5,359.7895976,445,18,13,0,75.74210246
166,[1039876],[229],[30.0],30,0.16492216,,,8.748,0.243,31.827,-81.087,United States,Georgia,Chatham,1.95,-5,6.729231874,447,18,15,0,1.442739056
167,"[1036302, 1036400, 1036108, 1036966]","[138, 141, 133, 154]","[105.0, 53.0, 110.0, 75.0]",343,0.16259426,,,100.0188,2.7783,31.77,-81.259,United States,Georgia,Bryan,6.6779766,-5,76.9375511,468,19,12,0,16.26248277
168,"[1036400, 1036966]","[141, 154]","[154.0, 240.0]",394,0.1631957,,,114.8904,3.1914,31.77,-81.201,United States,Georgia,Bryan,7.6,-5,88.37725137,469,19,13,0,18.74961925
169,[1040055],[234],[4.0],4,0.16551451,,,1.1664,0.0324,31.77,-81.029,United States,Georgia,Chatham,5.318182,-5,0.897230793,472,19,16,0,0.193056124
170,[1037771],[165],[1.0],1,0.16455036,,,0.2916,0.0081,31.713,-81.201,None,None,Bryan,0,-5,0.224307698,493,20,13,0,0.047982885
